Timestamp, DS18B20, DHT11, LM35DZ, BMP180, Thermistor, DHT22
12/4/2022 13:00,N,N,N,N,N,N
12/4/2022 13:00,N,N,A,N,N,N
12/4/2022 13:00,N,N,A,N,N,N
12/4/2022 13:01,N,N,A,N,N,N
12/4/2022 13:01,N,N,A,N,N,N
12/4/2022 13:01,N,N,A,N,N,N
12/4/2022 13:01,N,N,A,N,N,N
12/4/2022 13:01,N,N,N,N,N,N
12/4/2022 13:02,N,N,A,N,N,N
12/4/2022 13:02,N,N,A,N,N,N
12/4/2022 13:02,N,N,N,N,N,N
12/4/2022 13:02,N,N,A,N,N,N
12/4/2022 13:02,N,N,A,N,N,N
12/4/2022 13:02,N,N,A,N,N,N
12/4/2022 13:03,N,N,N,N,N,N
12/4/2022 13:03,N,N,A,N,N,N
12/4/2022 13:03,N,N,A,N,N,N
12/4/2022 13:03,N,N,N,N,N,N
12/4/2022 13:03,N,N,N,N,N,N
12/4/2022 13:03,N,N,N,N,N,N
12/4/2022 13:04,N,N,A,N,N,N
12/4/2022 13:04,N,N,A,N,N,N
12/4/2022 13:04,N,N,N,N,N,N
12/4/2022 13:04,N,N,N,N,N,N
12/4/2022 13:04,N,N,A,N,N,N
12/4/2022 13:05,N,N,A,N,N,N
12/4/2022 13:05,N,N,A,N,N,N
12/4/2022 13:05,N,N,A,N,N,N
12/4/2022 13:05,N,N,A,N,N,N
12/4/2022 13:05,N,N,A,N,N,N
12/4/2022 13:05,N,N,A,N,N,N
12/4/2022 13:06,N,N,A,N,N,N
12/4/2022 13:06,N,N,A,N,N,N
12/4/2022 13:06,N,N,N,N,N,N
12/4/2022 13:06,N,N,N,N,N,N
12/4/2022 13:06,N,N,A,N,N,N
12/4/2022 13:06,N,N,A,N,N,N
12/4/2022 13:07,N,N,N,N,N,N
12/4/2022 13:07,N,N,N,N,N,N
12/4/2022 13:07,N,N,A,N,N,N
12/4/2022 13:07,N,N,A,N,N,N
12/4/2022 13:07,N,N,N,N,N,N
12/4/2022 13:08,N,N,A,N,N,N
12/4/2022 13:08,N,N,A,N,N,N
12/4/2022 13:08,N,N,N,N,N,N
12/4/2022 13:08,N,N,N,N,N,N
12/4/2022 13:08,N,N,N,N,N,N
12/4/2022 13:08,N,N,A,N,N,N
12/4/2022 13:09,N,N,N,N,N,N
12/4/2022 13:09,N,N,A,N,N,N
12/4/2022 13:09,N,N,A,N,N,N
12/4/2022 13:09,N,N,A,N,N,N
12/4/2022 13:09,N,N,A,N,N,N
12/4/2022 13:09,N,N,A,N,N,N
12/4/2022 13:10,N,N,A,N,N,N
12/4/2022 13:10,N,N,A,N,N,N
12/4/2022 13:10,N,N,N,N,N,N
12/4/2022 13:10,N,N,A,N,N,N
12/4/2022 13:10,N,N,A,N,N,N
12/4/2022 13:11,N,N,A,N,N,N
12/4/2022 13:11,N,N,A,N,N,N
12/4/2022 13:11,N,N,A,N,N,N
12/4/2022 13:11,N,N,A,N,N,N
12/4/2022 13:11,N,N,A,N,N,N
12/4/2022 13:11,N,N,A,N,N,N
12/4/2022 13:12,N,N,A,N,N,N
12/4/2022 13:12,N,N,A,N,N,N
12/4/2022 13:12,N,N,A,N,N,N
12/4/2022 13:12,N,N,A,N,N,N
12/4/2022 13:12,N,N,A,N,N,N
12/4/2022 13:12,N,N,A,N,N,N
12/4/2022 13:13,N,N,A,N,N,N
12/4/2022 13:13,N,N,N,N,N,N
12/4/2022 13:13,N,N,A,N,N,N
12/4/2022 13:13,N,N,A,N,N,N
12/4/2022 13:13,N,N,A,N,N,N
12/4/2022 13:14,N,N,A,N,N,N
12/4/2022 13:14,N,N,N,N,N,N
12/4/2022 13:14,N,N,A,N,N,N
12/4/2022 13:14,N,N,A,N,N,N
12/4/2022 13:14,N,N,A,N,N,N
12/4/2022 13:14,N,N,A,N,N,N
12/4/2022 13:15,N,N,A,N,N,N
12/4/2022 13:15,N,N,N,N,N,N
12/4/2022 13:15,N,N,A,N,N,N
12/4/2022 13:15,N,N,A,N,N,N
12/4/2022 13:15,N,N,A,N,N,N
12/4/2022 13:15,N,N,A,N,N,N
12/4/2022 13:16,N,N,N,N,N,N
12/4/2022 13:16,N,N,A,N,N,N
12/4/2022 13:16,N,N,A,N,N,N
12/4/2022 13:16,N,N,A,N,N,N
12/4/2022 13:16,N,N,N,N,N,N
12/4/2022 13:17,N,N,N,N,N,N
12/4/2022 13:17,N,N,N,N,N,N
12/4/2022 13:17,N,N,N,N,N,N
12/4/2022 13:17,N,N,N,N,N,N
12/4/2022 13:17,N,N,N,N,N,N
12/4/2022 13:17,N,N,A,N,N,N
12/4/2022 13:18,N,N,A,N,N,N
12/4/2022 13:18,N,N,N,N,N,N
12/4/2022 13:18,N,N,A,N,N,N
12/4/2022 13:18,N,N,A,N,N,N
12/4/2022 13:18,N,N,A,N,N,N
12/4/2022 13:18,N,N,N,N,N,N
12/4/2022 13:19,N,N,A,N,N,N
12/4/2022 13:19,N,N,A,N,N,N
12/4/2022 13:19,N,N,A,N,N,N
12/4/2022 13:19,N,N,N,N,N,N
12/4/2022 13:19,N,N,N,N,N,N
12/4/2022 13:20,N,N,N,N,N,N
12/4/2022 13:20,N,N,N,N,N,N
12/4/2022 13:20,N,N,A,N,N,N
12/4/2022 13:20,N,N,A,N,N,N
12/4/2022 13:20,N,N,N,N,N,N
12/4/2022 13:20,N,N,A,N,N,N
12/4/2022 13:21,N,N,A,N,N,N
12/4/2022 13:21,N,N,N,N,N,N
12/4/2022 13:21,N,N,A,N,N,N
12/4/2022 13:21,N,N,A,N,N,N
12/4/2022 13:21,N,N,A,N,N,N
12/4/2022 13:21,N,N,A,N,N,N
12/4/2022 13:22,N,N,A,N,N,N
12/4/2022 13:22,N,N,N,N,N,N
12/4/2022 13:22,N,N,A,N,N,N
12/4/2022 13:22,N,N,N,N,N,N
12/4/2022 13:22,N,N,A,N,N,N
12/4/2022 13:23,N,N,A,N,N,N
12/4/2022 13:23,N,N,N,N,N,N
12/4/2022 13:23,N,N,N,N,N,N
12/4/2022 13:23,N,N,A,N,N,N
12/4/2022 13:23,N,N,A,N,N,N
12/4/2022 13:23,N,N,A,N,N,N
12/4/2022 13:24,N,N,A,N,N,N
12/4/2022 13:24,N,N,A,N,N,N
12/4/2022 13:24,N,N,A,N,N,N
12/4/2022 13:24,N,N,A,N,N,N
12/4/2022 13:24,N,N,A,N,N,N
12/4/2022 13:24,N,N,A,N,N,N
12/4/2022 13:25,N,N,A,N,N,N
12/4/2022 13:25,N,N,A,N,N,N
12/4/2022 13:25,N,N,A,N,N,N
12/4/2022 13:25,N,N,N,N,N,N
12/4/2022 13:25,N,N,A,N,N,N
12/4/2022 13:26,N,N,N,N,N,N
12/4/2022 13:26,N,N,A,N,N,N
12/4/2022 13:26,N,N,A,N,N,N
12/4/2022 13:26,N,N,A,N,N,N
12/4/2022 13:26,N,N,N,N,N,N
12/4/2022 13:26,N,N,N,N,N,N
12/4/2022 13:27,N,N,N,N,N,N
12/4/2022 13:27,N,N,A,N,N,N
12/4/2022 13:27,N,N,A,N,N,N
12/4/2022 13:27,N,N,A,N,N,N
12/4/2022 13:27,N,N,N,N,N,N
12/4/2022 13:27,N,N,N,N,N,N
12/4/2022 13:28,N,N,A,N,N,N
12/4/2022 13:28,N,N,N,N,N,N
12/4/2022 13:28,N,N,A,N,N,N
12/4/2022 13:28,N,N,N,N,N,N
12/4/2022 13:28,N,N,A,N,N,N
12/4/2022 13:29,N,N,N,N,N,N
12/4/2022 13:29,N,N,A,N,N,N
12/4/2022 13:29,N,N,A,N,N,N
12/4/2022 13:29,N,N,N,N,N,N
12/4/2022 13:29,N,N,A,N,N,N
12/4/2022 13:29,N,N,A,N,N,N
12/4/2022 13:30,N,N,N,N,N,N
12/4/2022 13:30,N,N,N,N,N,N
12/4/2022 13:30,N,N,N,N,N,N
12/4/2022 13:30,N,N,A,N,N,N
12/4/2022 13:30,N,N,A,N,N,N
12/4/2022 13:30,N,N,A,N,N,N
12/4/2022 13:31,N,N,A,N,N,N
12/4/2022 13:31,N,N,A,N,N,N
12/4/2022 13:31,N,N,N,N,N,N
12/4/2022 13:31,N,N,N,N,N,N
12/4/2022 13:31,N,N,A,N,N,N
12/4/2022 13:32,N,N,A,N,N,N
12/4/2022 13:32,N,N,A,N,N,N
12/4/2022 13:32,N,N,A,N,N,N
12/4/2022 13:32,N,N,N,N,N,N
12/4/2022 13:32,N,N,N,N,N,N
12/4/2022 13:32,N,N,N,N,N,N
12/4/2022 13:33,N,N,A,N,N,N
12/4/2022 13:33,N,N,A,N,N,N
12/4/2022 13:33,N,N,N,N,N,N
12/4/2022 13:33,N,N,A,N,N,N
12/4/2022 13:33,N,N,A,N,N,N
12/4/2022 13:33,N,N,A,N,N,N
12/4/2022 13:34,N,N,A,N,N,N
12/4/2022 13:34,N,N,A,N,N,N
12/4/2022 13:34,N,N,A,N,N,N
12/4/2022 13:34,N,N,A,N,N,N
12/4/2022 13:34,N,N,A,N,N,N
12/4/2022 13:35,N,N,N,N,N,N
12/4/2022 13:35,N,N,A,N,N,N
12/4/2022 13:35,N,N,A,N,N,N
12/4/2022 13:35,N,N,A,N,N,N
12/4/2022 13:35,N,N,A,N,N,N
12/4/2022 13:35,N,N,A,N,N,N
12/4/2022 13:36,N,N,A,N,N,N
12/4/2022 13:36,N,N,A,N,N,N
12/4/2022 13:36,N,N,A,N,N,N
12/4/2022 13:36,N,N,A,N,N,N
12/4/2022 13:36,N,N,A,N,N,N
12/4/2022 13:36,N,N,A,N,N,N
12/4/2022 13:37,N,N,A,N,N,N
12/4/2022 13:37,N,N,A,N,N,N
12/4/2022 13:37,N,N,N,N,N,N
12/4/2022 13:37,N,N,A,N,N,N
12/4/2022 13:37,N,N,A,N,N,N
12/4/2022 13:38,N,N,A,N,N,N
12/4/2022 13:38,N,N,A,N,N,N
12/4/2022 13:38,N,N,A,N,N,N
12/4/2022 13:38,N,N,A,N,N,N
12/4/2022 13:38,N,N,A,N,N,N
12/4/2022 13:38,N,N,N,N,N,N
12/4/2022 13:39,N,N,A,N,N,N
12/4/2022 13:39,N,N,A,N,N,N
12/4/2022 13:39,N,N,A,N,N,N
12/4/2022 13:39,N,N,N,N,N,N
12/4/2022 13:39,N,N,A,N,N,N
12/4/2022 13:39,N,N,A,N,N,N
12/4/2022 13:40,N,N,A,N,N,N
12/4/2022 13:40,N,N,A,N,N,N
12/4/2022 13:40,N,N,N,N,N,N
12/4/2022 13:40,N,N,A,N,N,N
12/4/2022 13:40,N,N,A,N,N,N
12/4/2022 13:41,N,N,N,N,N,N
12/4/2022 13:41,N,N,A,N,N,N
12/4/2022 13:41,N,N,A,N,N,N
12/4/2022 13:41,N,N,A,N,N,N
12/4/2022 13:41,N,N,A,N,N,N
12/4/2022 13:41,N,N,A,N,N,N
12/4/2022 13:42,N,N,N,N,N,N
12/4/2022 13:42,N,N,A,N,N,N
12/4/2022 13:42,N,N,A,N,N,N
12/4/2022 13:42,N,N,N,N,N,N
12/4/2022 13:42,N,N,A,N,N,N
12/4/2022 13:42,N,N,A,N,N,N
12/4/2022 13:43,N,N,A,N,N,N
12/4/2022 13:43,N,N,N,N,N,N
12/4/2022 13:43,N,N,A,N,N,N
12/4/2022 13:43,N,N,A,N,N,N
12/4/2022 13:43,N,N,A,N,N,N
12/4/2022 13:44,N,N,N,N,N,N
12/4/2022 13:44,N,N,N,N,N,N
12/4/2022 13:44,N,N,A,N,N,N
12/4/2022 13:44,N,N,A,N,N,N
12/4/2022 13:44,N,N,N,N,N,N
12/4/2022 13:44,N,N,N,N,N,N
12/4/2022 13:45,N,N,A,N,N,N
12/4/2022 13:45,N,N,A,N,N,N
12/4/2022 13:45,N,N,A,N,N,N
12/4/2022 13:45,N,N,N,N,N,N
12/4/2022 13:45,N,N,A,N,N,N
12/4/2022 13:45,N,N,A,N,N,N
12/4/2022 13:46,N,N,A,N,N,N
12/4/2022 13:46,N,N,A,N,N,N
12/4/2022 13:46,N,N,N,N,N,N
12/4/2022 13:46,N,N,N,N,N,N
12/4/2022 13:46,N,N,A,N,N,N
12/4/2022 13:47,N,N,A,N,N,N
12/4/2022 13:47,N,N,A,N,N,N
12/4/2022 13:47,N,N,A,N,N,N
12/4/2022 13:47,N,N,N,N,N,N
12/4/2022 13:47,N,N,A,N,N,N
12/4/2022 13:47,N,N,A,N,N,N
12/4/2022 13:48,N,N,A,N,N,N
12/4/2022 13:48,N,N,A,N,N,N
12/4/2022 13:48,N,N,N,N,N,N
12/4/2022 13:48,N,N,N,N,N,N
12/4/2022 13:48,N,N,A,N,N,N
12/4/2022 13:48,N,N,A,N,N,N
12/4/2022 13:49,N,N,A,N,N,N
12/4/2022 13:49,N,N,A,N,N,N
12/4/2022 13:49,N,N,A,N,N,N
12/4/2022 13:49,N,N,A,N,N,N
12/4/2022 13:49,N,N,N,N,N,N
12/4/2022 13:50,N,N,A,N,N,N
12/4/2022 13:50,N,N,A,N,N,N
12/4/2022 13:50,N,N,N,N,N,N
12/4/2022 13:50,N,N,A,N,N,N
12/4/2022 13:50,N,N,N,N,N,N
12/4/2022 13:50,N,N,A,N,N,N
12/4/2022 13:51,N,N,A,N,N,N
12/4/2022 13:51,N,N,A,N,N,N
12/4/2022 13:51,N,N,A,N,N,N
12/4/2022 13:51,N,N,N,N,N,N
12/4/2022 13:51,N,N,N,N,N,N
12/4/2022 13:51,N,N,A,N,N,N
12/4/2022 13:52,N,N,A,N,N,N
12/4/2022 13:52,N,N,A,N,N,N
12/4/2022 13:52,N,N,N,N,N,N
12/4/2022 13:52,N,N,N,N,N,N
12/4/2022 13:52,N,N,A,N,N,N
12/4/2022 13:53,N,N,A,N,N,N
12/4/2022 13:53,N,N,A,N,N,N
12/4/2022 13:53,N,N,N,N,N,N
12/4/2022 13:53,N,N,N,N,N,N
12/4/2022 13:53,N,N,N,N,N,N
12/4/2022 13:53,N,N,N,N,N,N
12/4/2022 13:54,N,N,A,N,N,N
12/4/2022 13:54,N,N,A,N,N,N
12/4/2022 13:54,N,N,N,N,N,N
12/4/2022 13:54,N,N,N,N,N,N
12/4/2022 13:54,N,N,A,N,N,N
12/4/2022 13:54,N,N,A,N,N,N
12/4/2022 13:55,N,N,A,N,N,N
12/4/2022 13:55,N,N,A,N,N,N
12/4/2022 13:55,N,N,A,N,N,N
12/4/2022 13:55,N,N,A,N,N,N
12/4/2022 13:55,N,N,A,N,N,N
12/4/2022 13:56,N,N,N,N,N,N
12/4/2022 13:56,N,N,A,N,N,N
12/4/2022 13:56,N,N,A,N,N,N
12/4/2022 13:56,N,N,A,N,N,N
12/4/2022 13:56,N,N,A,N,N,N
12/4/2022 13:56,N,N,N,N,N,N
12/4/2022 13:57,N,N,N,N,N,N
12/4/2022 13:57,N,N,A,N,N,N
12/4/2022 13:57,N,N,A,N,N,N
12/4/2022 13:57,N,N,N,N,N,N
12/4/2022 13:57,N,N,N,N,N,N
12/4/2022 13:57,N,N,N,N,N,N
12/4/2022 13:58,N,N,N,N,N,N
12/4/2022 13:58,N,N,A,N,N,N
12/4/2022 13:58,N,N,A,N,N,N
12/4/2022 13:58,N,N,A,N,N,N
12/4/2022 13:58,N,N,A,N,N,N
12/4/2022 13:59,N,N,A,N,N,N
12/4/2022 13:59,N,N,A,N,N,N
12/4/2022 13:59,N,N,N,N,N,N
12/4/2022 13:59,N,N,A,N,N,N
12/4/2022 13:59,N,N,A,N,N,N
12/4/2022 13:59,N,N,N,N,N,N
12/4/2022 14:00,N,N,A,N,N,N
12/4/2022 14:00,N,N,A,N,N,N
12/4/2022 14:00,N,N,A,N,N,N
12/4/2022 14:00,N,N,A,N,N,N
12/4/2022 14:00,N,N,A,N,N,N
12/4/2022 14:00,N,N,A,N,N,N
12/4/2022 14:01,N,N,A,N,N,N
12/4/2022 14:01,N,N,N,N,N,N
12/4/2022 14:01,N,N,A,N,N,N
12/4/2022 14:01,N,N,A,N,N,N
12/4/2022 14:01,N,N,A,N,N,N
12/4/2022 14:02,N,N,N,N,N,N
12/4/2022 14:02,N,N,N,N,N,N
12/4/2022 14:02,N,N,A,N,N,N
12/4/2022 14:02,N,N,A,N,N,N
12/4/2022 14:02,N,N,A,N,N,N
12/4/2022 14:02,N,N,A,N,N,N
12/4/2022 14:03,N,N,A,N,N,N
12/4/2022 14:03,N,N,A,N,N,N
12/4/2022 14:03,N,N,N,N,N,N
12/4/2022 14:03,N,N,A,N,N,N
12/4/2022 14:03,N,N,A,N,N,N
12/4/2022 14:03,N,N,A,N,N,N
12/4/2022 14:04,N,N,A,N,N,N
12/4/2022 14:04,N,N,N,N,N,N
12/4/2022 14:04,N,N,A,N,N,N
12/4/2022 14:04,N,N,A,N,N,N
12/4/2022 14:04,N,N,A,N,N,N
12/4/2022 14:05,N,N,A,N,N,N
12/4/2022 14:05,N,N,A,N,N,N
12/4/2022 14:05,N,N,A,N,N,N
12/4/2022 14:05,N,N,A,N,N,N
12/4/2022 14:05,N,N,N,N,N,N
12/4/2022 14:05,N,N,N,N,N,N
12/4/2022 14:06,N,N,N,N,N,N
12/4/2022 14:06,N,N,N,N,N,N
12/4/2022 14:06,N,N,N,N,N,N
12/4/2022 14:06,N,N,A,N,N,N
12/4/2022 14:06,N,N,A,N,N,N
12/4/2022 14:06,N,N,A,N,N,N
12/4/2022 14:07,N,N,N,N,N,N
12/4/2022 14:07,N,N,A,N,N,N
12/4/2022 14:07,N,N,A,N,N,N
12/4/2022 14:07,N,N,A,N,N,N
12/4/2022 14:07,N,N,A,N,N,N
12/4/2022 14:08,N,N,A,N,N,N
12/4/2022 14:08,N,N,N,N,N,N
12/4/2022 14:08,N,N,N,N,N,N
12/4/2022 14:08,N,N,N,N,N,N
12/4/2022 14:08,N,N,N,N,N,N
12/4/2022 14:08,N,N,N,N,N,N
12/4/2022 14:09,N,N,N,N,N,N
12/4/2022 14:09,N,N,A,N,N,N
12/4/2022 14:09,N,N,A,N,N,N
12/4/2022 14:09,N,N,N,N,N,N
12/4/2022 14:09,N,N,A,N,N,N
12/4/2022 14:09,N,N,N,N,N,N
12/4/2022 14:10,N,N,A,N,N,N
12/4/2022 14:10,N,N,N,N,N,N
12/4/2022 14:10,N,N,A,N,N,N
12/4/2022 14:10,N,N,A,N,N,N
12/4/2022 14:10,N,N,N,N,N,N
12/4/2022 14:10,N,N,A,N,N,N
12/4/2022 14:11,N,N,N,N,N,N
12/4/2022 14:11,N,N,A,N,N,N
12/4/2022 14:11,N,N,N,N,N,N
12/4/2022 14:11,N,N,A,N,N,N
12/4/2022 14:11,N,N,N,N,N,N
12/4/2022 14:12,N,N,A,N,N,N
12/4/2022 14:12,N,N,A,N,N,N
12/4/2022 14:12,N,N,A,N,N,N
12/4/2022 14:12,N,N,A,N,N,N
12/4/2022 14:12,N,N,A,N,N,N
12/4/2022 14:12,N,N,N,N,N,N
12/4/2022 14:13,N,N,N,N,N,N
12/4/2022 14:13,N,N,A,N,N,N
12/4/2022 14:13,N,N,A,N,N,N
12/4/2022 14:13,N,N,A,N,N,N
12/4/2022 14:13,N,N,A,N,N,N
12/4/2022 14:13,N,N,A,N,N,N
12/4/2022 14:14,N,N,N,N,N,N
12/4/2022 14:14,N,N,A,N,N,N
12/4/2022 14:14,N,N,A,N,N,N
12/4/2022 14:14,N,N,A,N,N,N
12/4/2022 14:14,N,N,N,N,N,N
12/4/2022 14:15,N,N,A,N,N,N
12/4/2022 14:15,N,N,A,N,N,N
12/4/2022 14:15,N,N,A,N,N,N
12/4/2022 14:15,N,N,A,N,N,N
12/4/2022 14:15,N,N,N,N,N,N
12/4/2022 14:15,N,N,N,N,N,N
12/4/2022 14:16,N,N,A,N,N,N
12/4/2022 14:16,N,N,A,N,N,N
12/4/2022 14:16,N,N,N,N,N,N
12/4/2022 14:16,N,N,N,N,N,N
12/4/2022 14:16,N,N,N,N,N,N
12/4/2022 14:16,N,N,A,N,N,N
12/4/2022 14:17,N,N,A,N,N,N
12/4/2022 14:17,N,N,N,N,N,N
12/4/2022 14:17,N,N,A,N,N,N
12/4/2022 14:17,N,N,N,N,N,N
12/4/2022 14:17,N,N,A,N,N,N
12/4/2022 14:18,N,N,A,N,N,N
12/4/2022 14:18,N,N,A,N,N,N
12/4/2022 14:18,N,N,N,N,N,N
12/4/2022 14:18,N,N,A,N,N,N
12/4/2022 14:18,N,N,N,N,N,N
12/4/2022 14:18,N,N,A,N,N,N
12/4/2022 14:19,N,N,N,N,N,N
12/4/2022 14:19,N,N,A,N,N,N
12/4/2022 14:19,N,N,A,N,N,N
12/4/2022 14:19,N,N,A,N,N,N
12/4/2022 14:19,N,N,A,N,N,N
12/4/2022 14:19,N,N,A,N,N,N
12/4/2022 14:20,N,N,A,N,N,N
12/4/2022 14:20,N,N,N,N,N,N
12/4/2022 14:20,N,N,A,N,N,N
12/4/2022 14:20,N,N,N,N,N,N
12/4/2022 14:20,N,N,A,N,N,N
12/4/2022 14:21,N,N,A,N,N,N
12/4/2022 14:21,N,N,A,N,N,N
12/4/2022 14:21,N,N,A,N,N,N
12/4/2022 14:21,N,N,A,N,N,N
12/4/2022 14:21,N,N,A,N,N,N
12/4/2022 14:21,N,N,A,N,N,N
12/4/2022 14:22,N,N,A,N,N,N
12/4/2022 14:22,N,N,A,N,N,N
12/4/2022 14:22,N,N,A,N,N,N
12/4/2022 14:22,N,N,A,N,N,N
12/4/2022 14:22,N,N,A,N,N,N
12/4/2022 14:22,N,N,A,N,N,N
12/4/2022 14:23,N,N,A,N,N,N
12/4/2022 14:23,N,N,A,N,N,N
12/4/2022 14:23,N,N,N,N,N,N
12/4/2022 14:23,N,N,N,N,N,N
12/4/2022 14:23,N,N,N,N,N,N
12/4/2022 14:24,N,N,A,N,N,N
12/4/2022 14:24,N,N,A,N,N,N
12/4/2022 14:24,N,N,A,N,N,N
12/4/2022 14:24,N,N,A,N,N,N
12/4/2022 14:24,N,N,N,N,N,N
12/4/2022 14:24,N,N,N,N,N,N
12/4/2022 14:25,N,N,A,N,N,N
12/4/2022 14:25,N,N,A,N,N,N
12/4/2022 14:25,N,N,A,N,N,N
12/4/2022 14:25,N,N,A,N,N,N
12/4/2022 14:25,N,N,N,N,N,N
12/4/2022 14:25,N,N,N,N,N,N
12/4/2022 14:26,N,N,N,N,N,N
12/4/2022 14:26,N,N,A,N,N,N
12/4/2022 14:26,N,N,A,N,N,N
12/4/2022 14:26,N,N,A,N,N,N
12/4/2022 14:26,N,N,A,N,N,N
12/4/2022 14:27,N,N,N,N,N,N
12/4/2022 14:27,N,N,N,N,N,N
12/4/2022 14:27,N,N,A,N,N,N
12/4/2022 14:27,N,N,N,N,N,N
12/4/2022 14:27,N,N,A,N,N,N
12/4/2022 14:27,N,N,A,N,N,N
12/4/2022 14:28,N,N,N,N,N,N
12/4/2022 14:28,N,N,A,N,N,N
12/4/2022 14:28,N,N,A,N,N,N
12/4/2022 14:28,N,N,A,N,N,N
12/4/2022 14:28,N,N,A,N,N,N
12/4/2022 14:28,N,N,A,N,N,N
12/4/2022 14:29,N,N,A,N,N,N
12/4/2022 14:29,N,N,N,N,N,N
12/4/2022 14:29,N,N,A,N,N,N
12/4/2022 14:29,N,N,A,N,N,N
12/4/2022 14:29,N,N,A,N,N,N
12/4/2022 14:30,N,N,A,N,N,N
12/4/2022 14:30,N,N,N,N,N,N
12/4/2022 14:30,N,N,A,N,N,N
12/4/2022 14:30,N,N,A,N,N,N
12/4/2022 14:30,N,N,A,N,N,N
12/4/2022 14:30,N,N,A,N,N,N
12/4/2022 14:31,N,N,A,N,N,N
12/4/2022 14:31,N,N,A,N,N,N
12/4/2022 14:31,N,N,A,N,N,N
12/4/2022 14:31,N,N,A,N,N,N
12/4/2022 14:31,N,N,A,N,N,N
12/4/2022 14:31,N,N,A,N,N,N
12/4/2022 14:32,N,N,A,N,N,N
12/4/2022 14:32,N,N,N,N,N,N
12/4/2022 14:32,N,N,A,N,N,N
12/4/2022 14:32,N,N,A,N,N,N
12/4/2022 14:32,N,N,N,N,N,N
12/4/2022 14:33,N,N,N,N,N,N
12/4/2022 14:33,N,N,A,N,N,N
12/4/2022 14:33,N,N,N,N,N,N
12/4/2022 14:33,N,N,A,N,N,N
12/4/2022 14:33,N,N,A,N,N,N
12/4/2022 14:33,N,N,N,N,N,N
12/4/2022 14:34,N,N,A,N,N,N
12/4/2022 14:34,N,N,N,N,N,N
12/4/2022 14:34,N,N,A,N,N,N
12/4/2022 14:34,N,N,A,N,N,N
12/4/2022 14:34,N,N,N,N,N,N
12/4/2022 14:34,N,N,A,N,N,N
12/4/2022 14:35,N,N,A,N,N,N
12/4/2022 14:35,N,N,A,N,N,N
12/4/2022 14:35,N,N,A,N,N,N
12/4/2022 14:35,N,N,A,N,N,N
12/4/2022 14:35,N,N,A,N,N,N
12/4/2022 14:36,N,N,A,N,N,N
12/4/2022 14:36,N,N,A,N,N,N
12/4/2022 14:36,N,N,N,N,N,N
12/4/2022 14:36,N,N,A,N,N,N
12/4/2022 14:36,N,N,A,N,A,N
12/4/2022 14:36,N,N,N,N,N,N
12/4/2022 14:37,N,N,N,N,N,N
12/4/2022 14:37,N,N,N,N,N,N
12/4/2022 14:37,N,N,N,N,N,N
12/4/2022 14:37,N,N,N,N,N,N
12/4/2022 14:37,N,N,N,N,A,N
12/4/2022 14:37,N,N,N,N,N,N
12/4/2022 14:38,N,N,N,N,N,N
12/4/2022 14:38,N,N,N,N,N,N
12/4/2022 14:38,N,N,N,N,N,N
12/4/2022 14:38,N,N,N,N,N,N
12/4/2022 14:38,N,N,N,N,N,N
12/4/2022 14:39,N,N,N,N,N,N
12/4/2022 14:39,N,N,N,N,N,N
12/4/2022 14:39,N,N,N,N,A,N
12/4/2022 14:39,N,N,N,N,N,N
12/4/2022 14:39,N,N,N,N,N,N
12/4/2022 14:39,A,N,N,N,N,N
12/4/2022 14:40,N,N,N,N,N,N
12/4/2022 14:40,N,N,N,N,N,N
12/4/2022 14:40,N,N,N,N,N,N
12/4/2022 14:40,N,N,N,N,N,N
12/4/2022 14:40,N,N,N,N,N,N
12/4/2022 14:40,N,N,N,N,N,N
12/4/2022 14:41,N,N,N,N,N,N
12/4/2022 14:41,N,N,N,N,N,N
12/4/2022 14:41,N,N,N,N,N,N
12/4/2022 14:41,N,N,N,N,N,N
12/4/2022 14:41,A,N,N,N,N,N
12/4/2022 14:42,N,N,N,N,N,N
12/4/2022 14:42,N,N,N,N,N,N
12/4/2022 14:42,N,N,N,N,N,N
12/4/2022 14:42,N,N,N,N,N,N
12/4/2022 14:42,N,N,N,N,N,N
12/4/2022 14:42,N,N,N,N,N,N
12/4/2022 14:43,N,N,N,N,N,N
12/4/2022 14:43,N,N,N,N,N,N
12/4/2022 14:43,N,N,N,N,N,N
12/4/2022 14:43,N,N,N,N,N,N
12/4/2022 14:43,N,N,N,N,A,N
12/4/2022 14:43,N,N,N,N,A,N
12/4/2022 14:44,N,N,N,N,N,N
12/4/2022 14:44,N,N,N,N,N,N
12/4/2022 14:44,N,N,N,N,N,N
12/4/2022 14:44,N,N,N,N,N,N
12/4/2022 14:44,N,N,N,N,N,N
12/4/2022 14:45,N,N,N,N,A,N
12/4/2022 14:45,N,N,A,N,A,N
12/4/2022 14:45,N,N,A,N,A,N
12/4/2022 14:45,N,N,N,N,N,N
12/4/2022 14:45,N,N,N,N,N,N
12/4/2022 14:45,N,N,N,N,N,N
12/4/2022 14:46,N,N,N,N,N,N
12/4/2022 14:46,N,N,A,N,N,N
12/4/2022 14:46,N,N,N,N,N,N
12/4/2022 14:46,N,N,A,N,N,N
12/4/2022 14:46,N,N,A,N,N,N
12/4/2022 14:46,N,N,A,N,N,N
12/4/2022 14:47,N,N,A,N,N,N
12/4/2022 14:47,N,N,N,N,N,N
12/4/2022 14:47,N,N,A,N,N,N
12/4/2022 14:47,N,N,A,N,N,N
12/4/2022 14:47,N,N,N,N,N,N
12/4/2022 14:48,N,N,N,N,N,N
12/4/2022 14:48,N,N,N,N,N,N
12/4/2022 14:48,N,N,A,N,N,N
12/4/2022 14:48,N,N,A,N,N,N
12/4/2022 14:48,N,N,A,N,N,N
12/4/2022 14:48,N,N,A,N,N,N
12/4/2022 14:49,N,N,A,N,N,N
12/4/2022 14:49,N,N,N,N,N,N
12/4/2022 14:49,N,N,A,N,N,N
12/4/2022 14:49,N,N,A,N,N,N
12/4/2022 14:49,N,N,N,N,N,N
12/4/2022 14:49,N,N,N,N,N,N
12/4/2022 14:50,N,N,A,N,N,N
12/4/2022 14:50,N,N,A,N,N,N
12/4/2022 14:50,N,N,A,N,N,N
12/4/2022 14:50,N,N,A,N,N,N
12/4/2022 14:50,N,N,N,N,N,N
12/4/2022 14:51,N,N,A,N,N,N
12/4/2022 14:51,N,N,A,N,N,N
12/4/2022 14:51,N,N,N,N,N,N
12/4/2022 14:51,N,N,N,N,N,N
12/4/2022 14:51,N,N,N,N,N,N
12/4/2022 14:51,N,N,A,N,N,N
12/4/2022 14:52,N,N,N,N,N,N
12/4/2022 14:52,N,N,A,N,N,N
12/4/2022 14:52,N,N,N,N,N,N
12/4/2022 14:52,N,N,A,N,N,N
12/4/2022 14:52,N,N,A,N,N,N
12/4/2022 14:52,N,N,A,N,N,N
12/4/2022 14:53,N,N,A,N,N,N
12/4/2022 14:53,N,N,A,N,N,N
12/4/2022 14:53,N,N,A,N,N,N
12/4/2022 14:53,N,N,A,N,N,N
12/4/2022 14:53,N,N,A,N,N,N
12/4/2022 14:54,N,N,A,N,N,N
12/4/2022 14:54,N,N,A,N,N,N
12/4/2022 14:54,N,N,N,N,N,N
12/4/2022 14:54,N,N,A,N,N,N
12/4/2022 14:54,N,N,A,N,N,N
12/4/2022 14:54,N,N,N,N,N,N
12/4/2022 14:55,N,N,A,N,N,N
12/4/2022 14:55,N,N,A,N,N,N
12/4/2022 14:55,N,N,A,N,N,N
12/4/2022 14:55,N,N,A,N,N,N
12/4/2022 14:55,N,N,N,N,N,N
12/4/2022 14:55,N,N,A,N,N,N
12/4/2022 14:56,N,N,N,N,N,N
12/4/2022 14:56,N,N,A,N,N,N
12/4/2022 14:56,N,N,N,N,N,N
12/4/2022 14:56,N,N,A,N,N,N
12/4/2022 14:56,N,N,A,N,N,N
12/4/2022 14:57,A,N,N,N,N,N
12/4/2022 14:57,A,N,N,N,N,N
12/4/2022 14:57,A,N,A,N,N,N
12/4/2022 14:57,A,N,N,N,N,N
12/4/2022 14:57,A,N,A,N,N,N
12/4/2022 14:57,A,N,A,N,N,N
12/4/2022 14:58,N,N,A,N,N,N
12/4/2022 14:58,N,N,A,N,N,N
12/4/2022 14:58,A,N,A,N,N,N
12/4/2022 14:58,N,N,A,N,N,N
12/4/2022 14:58,A,N,N,N,N,N
12/4/2022 14:58,N,N,A,N,N,N
12/4/2022 14:59,N,N,A,N,N,N
12/4/2022 14:59,N,N,A,N,N,N
12/4/2022 14:59,A,N,N,N,N,N
12/4/2022 14:59,A,N,N,N,N,N
12/4/2022 14:59,A,N,A,N,N,N
12/4/2022 15:00,N,N,N,N,N,N
12/4/2022 15:00,A,N,N,N,N,N
12/4/2022 15:00,A,N,N,N,N,N
12/4/2022 15:00,A,N,N,N,N,N
12/4/2022 15:00,A,N,N,N,N,N
12/4/2022 15:00,N,N,N,N,N,N
12/4/2022 15:01,N,N,A,N,N,N
12/4/2022 15:01,N,N,A,N,N,N
12/4/2022 15:01,N,N,A,N,N,N
12/4/2022 15:01,N,N,N,N,N,N
12/4/2022 15:01,N,N,N,N,N,N
12/4/2022 15:01,A,N,N,N,N,N
12/4/2022 15:02,A,N,A,N,N,N
12/4/2022 15:02,N,N,A,N,N,N
12/4/2022 15:02,A,N,A,N,N,N
12/4/2022 15:02,N,N,A,N,N,N
12/4/2022 15:02,N,N,A,N,N,N
12/4/2022 15:03,N,N,A,N,N,N
12/4/2022 15:03,A,N,A,N,N,N
12/4/2022 15:03,A,N,N,N,N,N
12/4/2022 15:03,A,N,N,N,N,N
12/4/2022 15:03,N,N,N,N,N,N
12/4/2022 15:03,A,N,A,N,N,N
12/4/2022 15:04,N,N,A,N,N,N
12/4/2022 15:04,N,N,A,N,N,N
12/4/2022 15:04,A,N,N,N,N,N
12/4/2022 15:04,A,N,A,N,N,N
12/4/2022 15:04,N,N,A,N,N,N
12/4/2022 15:04,A,N,A,N,N,N
12/4/2022 15:05,N,N,N,N,N,N
12/4/2022 15:05,N,N,N,N,N,N
12/4/2022 15:05,A,N,A,N,N,N
12/4/2022 15:05,N,N,A,N,N,N
12/4/2022 15:05,N,N,A,N,N,N
12/4/2022 15:06,A,N,A,N,N,N
12/4/2022 15:06,N,N,N,N,N,N
12/4/2022 15:06,N,N,A,N,N,N
12/4/2022 15:06,N,N,A,N,N,N
12/4/2022 15:06,N,N,N,N,N,N
12/4/2022 15:06,A,N,A,N,N,N
12/4/2022 15:07,A,N,A,N,N,N
12/4/2022 15:07,A,N,A,N,N,N
12/4/2022 15:07,N,N,A,N,N,N
12/4/2022 15:07,A,N,N,N,N,N
12/4/2022 15:07,N,N,A,N,N,N
12/4/2022 15:07,N,N,N,N,N,N
12/4/2022 15:08,N,N,A,N,N,N
12/4/2022 15:08,N,N,A,N,N,N
12/4/2022 15:08,N,N,N,N,N,N
12/4/2022 15:08,N,N,N,N,N,N
12/4/2022 15:08,A,N,N,N,N,N
12/4/2022 15:09,N,N,A,N,N,N
12/4/2022 15:09,N,N,A,N,N,N
12/4/2022 15:09,A,N,N,N,N,N
12/4/2022 15:09,N,N,N,N,N,N
12/4/2022 15:09,A,N,N,N,N,N
12/4/2022 15:09,A,N,N,N,N,N
12/4/2022 15:10,N,N,N,N,N,N
12/4/2022 15:10,A,N,A,N,N,N
12/4/2022 15:10,N,N,A,N,N,N
12/4/2022 15:10,A,N,N,N,N,N
12/4/2022 15:10,A,N,N,N,N,N
12/4/2022 15:10,A,N,A,N,N,N
12/4/2022 15:11,A,N,A,N,N,N
12/4/2022 15:11,A,N,A,N,N,N
12/4/2022 15:11,A,N,N,N,N,N
12/4/2022 15:11,N,N,N,N,N,N
12/4/2022 15:11,A,N,A,N,N,N
12/4/2022 15:12,N,N,A,N,N,N
12/4/2022 15:12,A,N,N,N,N,N
12/4/2022 15:12,N,N,A,N,N,N
12/4/2022 15:12,N,N,A,N,N,N
12/4/2022 15:12,N,N,A,N,N,N
12/4/2022 15:12,A,N,A,N,N,N
12/4/2022 15:13,N,N,N,N,N,N
12/4/2022 15:13,N,N,N,N,N,N
12/4/2022 15:13,N,N,A,N,N,N
12/4/2022 15:13,N,N,N,N,N,N
12/4/2022 15:13,N,N,A,N,N,N
12/4/2022 15:13,N,N,N,N,N,N
12/4/2022 15:14,N,N,A,N,N,N
12/4/2022 15:14,N,N,A,N,N,N
12/4/2022 15:14,N,N,N,N,N,N
12/4/2022 15:14,N,N,N,N,N,N
12/4/2022 15:14,N,N,A,N,N,N
12/4/2022 15:15,N,N,A,N,N,N
12/4/2022 15:15,N,N,N,N,N,N
12/4/2022 15:15,N,N,A,N,N,N
12/4/2022 15:15,N,N,N,N,N,N
12/4/2022 15:15,N,N,A,N,N,N
12/4/2022 15:15,N,N,N,N,N,N
12/4/2022 15:16,N,N,N,N,N,N
12/4/2022 15:16,N,N,N,N,N,N
12/4/2022 15:16,N,N,A,N,N,N
12/4/2022 15:16,N,N,A,N,N,N
12/4/2022 15:16,N,N,N,N,N,N
12/4/2022 15:16,N,N,A,N,N,N
12/4/2022 15:17,N,N,A,N,N,N
12/4/2022 15:17,N,N,A,N,N,N
12/4/2022 15:17,A,N,N,N,N,N
12/4/2022 15:17,N,N,A,N,N,N
12/4/2022 15:17,N,N,A,N,N,N
12/4/2022 15:18,N,N,A,N,N,N
12/4/2022 15:18,N,N,A,N,N,N
12/4/2022 15:18,A,N,N,N,N,N
12/4/2022 15:18,N,N,A,N,N,N
12/4/2022 15:18,N,N,A,N,N,N
12/4/2022 15:18,A,N,N,N,N,N
12/4/2022 15:19,N,N,N,N,N,N
12/4/2022 15:19,N,N,N,N,N,N
12/4/2022 15:19,N,N,N,N,N,N
12/4/2022 15:19,N,N,N,N,N,N
12/4/2022 15:19,N,N,A,N,N,N
12/4/2022 15:19,N,N,A,N,N,N
12/4/2022 15:20,N,N,A,N,N,N
12/4/2022 15:20,N,N,N,N,N,N
12/4/2022 15:20,N,N,A,N,N,N
12/4/2022 15:20,N,N,N,N,N,N
12/4/2022 15:20,N,N,A,N,N,N
12/4/2022 15:21,N,N,N,N,N,N
12/4/2022 15:21,N,N,A,N,N,N
12/4/2022 15:21,N,N,A,N,N,N
12/4/2022 15:21,N,N,A,N,N,N
12/4/2022 15:21,N,N,A,N,N,N
12/4/2022 15:21,N,N,N,N,N,N
12/4/2022 15:22,N,N,A,N,N,N
12/4/2022 15:22,N,N,A,N,N,N
12/4/2022 15:22,N,N,N,N,N,N
12/4/2022 15:22,N,N,A,N,N,N
12/4/2022 15:22,N,N,N,N,N,N
12/4/2022 15:22,N,N,A,N,N,N
12/4/2022 15:23,N,N,A,N,N,N
12/4/2022 15:23,N,N,A,N,N,N
12/4/2022 15:23,N,N,N,N,N,N
12/4/2022 15:23,N,N,A,N,N,N
12/4/2022 15:23,N,N,A,N,N,N
12/4/2022 15:24,N,N,A,N,N,N
12/4/2022 15:24,N,N,N,N,N,N
12/4/2022 15:24,N,N,N,N,N,N
12/4/2022 15:24,N,N,N,N,N,N
12/4/2022 15:24,N,N,A,N,N,N
12/4/2022 15:24,N,N,A,N,N,N
12/4/2022 15:25,N,N,A,N,N,N
12/4/2022 15:25,N,N,A,N,N,N
12/4/2022 15:25,N,N,N,N,N,N
12/4/2022 15:25,N,N,A,N,N,N
12/4/2022 15:25,N,N,A,N,N,N
12/4/2022 15:25,N,N,N,N,N,N
12/4/2022 15:26,N,N,A,N,N,N
12/4/2022 15:26,N,N,A,N,N,N
12/4/2022 15:26,N,N,N,N,N,N
12/4/2022 15:26,N,N,N,N,N,N
12/4/2022 15:26,N,N,N,N,N,N
12/4/2022 15:27,N,N,A,N,N,N
12/4/2022 15:27,N,N,A,N,N,N
12/4/2022 15:27,N,N,N,N,N,N
12/4/2022 15:27,N,N,N,N,N,N
12/4/2022 15:27,N,N,N,N,N,N
12/4/2022 15:27,N,N,N,N,N,N
12/4/2022 15:28,N,N,A,N,N,N
12/4/2022 15:28,N,N,A,N,N,N
12/4/2022 15:28,N,N,A,N,N,N
12/4/2022 15:28,N,N,N,N,N,N
12/4/2022 15:28,N,N,A,N,N,N
12/4/2022 15:28,N,N,N,N,N,N
12/4/2022 15:29,N,N,A,N,N,N
12/4/2022 15:29,N,N,A,N,N,N
12/4/2022 15:29,N,N,A,N,N,N
12/4/2022 15:29,N,N,A,N,N,N
12/4/2022 15:29,N,N,A,N,N,N
12/4/2022 15:30,N,N,N,N,N,N
12/4/2022 15:30,N,N,A,N,N,N
12/4/2022 15:30,N,N,A,N,N,N
12/4/2022 15:30,N,N,N,N,N,N
12/4/2022 15:30,N,N,N,N,N,N
12/4/2022 15:30,N,N,A,N,N,N
12/4/2022 15:31,N,N,A,N,N,N
12/4/2022 15:31,N,N,A,N,N,N
12/4/2022 15:31,N,N,A,N,N,N
12/4/2022 15:31,N,N,N,N,N,N
12/4/2022 15:31,N,N,N,N,N,N
12/4/2022 15:31,N,N,A,N,N,N
12/4/2022 15:32,N,N,A,N,N,N
12/4/2022 15:32,A,N,N,N,N,N
12/4/2022 15:32,N,N,A,N,N,N
12/4/2022 15:32,A,N,A,N,N,N
12/4/2022 15:32,N,N,A,N,N,N
12/4/2022 15:33,N,N,A,N,N,N
12/4/2022 15:33,A,N,A,N,N,N
12/4/2022 15:33,N,N,A,N,N,N
12/4/2022 15:33,N,N,A,N,N,N
12/4/2022 15:33,N,N,N,N,N,N
12/4/2022 15:33,N,N,A,N,N,N
12/4/2022 15:34,N,N,A,N,N,N
12/4/2022 15:34,N,N,A,N,N,N
12/4/2022 15:34,N,N,A,N,N,N
12/4/2022 15:34,N,N,A,N,N,N
12/4/2022 15:34,N,N,N,N,N,N
12/4/2022 15:34,N,N,A,N,N,N
12/4/2022 15:35,N,N,A,N,N,N
12/4/2022 15:35,N,N,A,N,N,N
12/4/2022 15:35,N,N,A,N,N,N
12/4/2022 15:35,N,N,A,N,N,N
12/4/2022 15:35,N,N,N,N,N,N
12/4/2022 15:36,N,N,N,N,N,N
12/4/2022 15:36,N,N,A,N,N,N
12/4/2022 15:36,N,N,A,N,N,N
12/4/2022 15:36,N,N,A,N,N,N
12/4/2022 15:36,N,N,A,N,N,N
12/4/2022 15:36,N,N,N,N,N,N
12/4/2022 15:37,N,N,A,N,N,N
12/4/2022 15:37,N,N,A,N,N,N
12/4/2022 15:37,N,N,A,N,N,N
12/4/2022 15:37,N,N,N,N,N,N
12/4/2022 15:37,N,N,A,N,N,N
12/4/2022 15:37,N,N,N,N,N,N
12/4/2022 15:38,N,N,N,N,N,N
12/4/2022 15:38,N,N,N,N,N,N
12/4/2022 15:38,N,N,A,N,N,N
12/4/2022 15:38,N,N,N,N,N,N
12/4/2022 15:38,N,N,A,N,N,N
12/4/2022 15:39,N,N,A,N,N,N
12/4/2022 15:39,N,N,N,N,N,N
12/4/2022 15:39,N,N,N,N,N,N
12/4/2022 15:39,N,N,N,N,N,N
12/4/2022 15:39,N,N,N,N,N,N
12/4/2022 15:39,N,N,N,N,N,N
12/4/2022 15:40,N,N,A,N,N,N
12/4/2022 15:40,N,N,A,N,N,N
12/4/2022 15:40,N,N,A,N,N,N
12/4/2022 15:40,N,N,N,N,N,N
12/4/2022 15:40,N,N,A,N,N,N
12/4/2022 15:40,N,N,A,N,N,N
12/4/2022 15:41,N,N,A,N,N,N
12/4/2022 15:41,N,N,N,N,N,N
12/4/2022 15:41,N,N,N,N,N,N
12/4/2022 15:41,N,N,A,N,N,N
12/4/2022 15:41,N,N,A,N,N,N
12/4/2022 15:42,N,N,N,N,N,N
12/4/2022 15:42,N,N,N,N,N,N
12/4/2022 15:42,N,N,N,N,N,N
12/4/2022 15:42,N,N,A,N,N,N
12/4/2022 15:42,N,N,A,N,N,N
12/4/2022 15:42,N,N,A,N,N,N
12/4/2022 15:43,N,N,A,N,N,N
12/4/2022 15:43,N,N,A,N,N,N
12/4/2022 15:43,N,N,N,N,N,N
12/4/2022 15:43,N,N,A,N,N,N
12/4/2022 15:43,N,N,N,N,N,N
12/4/2022 15:43,N,N,A,N,N,N
12/4/2022 15:44,N,N,A,N,N,N
12/4/2022 15:44,N,N,N,N,N,N
12/4/2022 15:44,N,N,A,N,N,N
12/4/2022 15:44,N,N,A,N,N,N
12/4/2022 15:44,N,N,A,N,N,N
12/4/2022 15:45,N,N,N,N,N,N
12/4/2022 15:45,N,N,A,N,N,N
12/4/2022 15:45,N,N,A,N,N,N
12/4/2022 15:45,N,N,N,N,N,N
12/4/2022 15:45,N,N,A,N,N,N
12/4/2022 15:45,N,N,N,N,N,N
12/4/2022 15:46,N,N,A,N,N,N
12/4/2022 15:46,N,N,A,N,N,N
12/4/2022 15:46,N,N,A,N,N,N
12/4/2022 15:46,N,N,N,N,N,N
12/4/2022 15:46,N,N,A,N,N,N
12/4/2022 15:46,N,N,A,N,N,N
12/4/2022 15:47,N,N,N,N,N,N
12/4/2022 15:47,N,N,N,N,N,N
12/4/2022 15:47,N,N,A,N,N,N
12/4/2022 15:47,N,N,A,N,N,N
12/4/2022 15:47,N,N,A,N,N,N
12/4/2022 15:48,N,N,A,N,N,N
12/4/2022 15:48,N,N,A,N,N,N
12/4/2022 15:48,N,N,N,N,N,N
12/4/2022 15:48,N,N,A,N,N,N
12/4/2022 15:48,N,N,N,N,N,N
12/4/2022 15:48,N,N,A,N,N,N
12/4/2022 15:49,N,N,A,N,N,N
12/4/2022 15:49,N,N,A,N,N,N
12/4/2022 15:49,N,N,N,N,N,N
12/4/2022 15:49,N,N,A,N,N,N
12/4/2022 15:49,N,N,A,N,N,N
12/4/2022 15:49,N,N,N,N,N,N
12/4/2022 15:50,N,N,A,N,N,N
12/4/2022 15:50,N,N,N,N,N,N
12/4/2022 15:50,N,N,N,N,N,N
12/4/2022 15:50,N,N,N,N,N,N
12/4/2022 15:50,N,N,A,N,N,N
12/4/2022 15:51,N,N,N,N,N,N
12/4/2022 15:51,N,N,A,N,N,N
12/4/2022 15:51,N,N,A,N,N,N
12/4/2022 15:51,N,N,N,N,N,N
12/4/2022 15:51,N,N,N,N,N,N
12/4/2022 15:51,N,N,A,N,N,N
12/4/2022 15:52,N,N,A,N,N,N
12/4/2022 15:52,N,N,A,N,N,N
12/4/2022 15:52,N,N,N,N,N,N
12/4/2022 15:52,N,N,N,N,N,N
12/4/2022 15:52,N,N,A,N,N,N
12/4/2022 15:52,N,N,A,N,N,N
12/4/2022 15:53,N,N,N,N,N,N
12/4/2022 15:53,N,N,N,N,N,N
12/4/2022 15:53,N,N,N,N,N,N
12/4/2022 15:53,N,N,A,N,N,N
12/4/2022 15:53,N,N,N,N,N,N
12/4/2022 15:54,N,N,A,N,N,N
12/4/2022 15:54,N,N,A,N,N,N
12/4/2022 15:54,N,N,A,N,N,N
12/4/2022 15:54,N,N,A,N,N,N
12/4/2022 15:54,N,N,A,N,N,N
12/4/2022 15:54,N,N,N,N,N,N
12/4/2022 15:55,N,N,A,N,N,N
12/4/2022 15:55,N,N,A,N,N,N
12/4/2022 15:55,N,N,A,N,N,N
12/4/2022 15:55,N,N,A,N,N,N
12/4/2022 15:55,N,N,N,N,N,N
12/4/2022 15:55,N,N,N,N,N,N
12/4/2022 15:56,N,N,N,N,N,N
12/4/2022 15:56,N,N,N,N,N,N
12/4/2022 15:56,N,N,A,N,N,N
12/4/2022 15:56,N,N,A,N,N,N
12/4/2022 15:56,N,N,A,N,N,N
12/4/2022 15:57,N,N,N,N,N,N
12/4/2022 15:57,N,N,N,N,N,N
12/4/2022 15:57,N,N,N,N,N,N
12/4/2022 15:57,N,N,N,N,N,N
12/4/2022 15:57,N,N,A,N,N,N
12/4/2022 15:57,N,N,A,N,N,N
12/4/2022 15:58,N,N,A,N,N,N
12/4/2022 15:58,N,N,A,N,N,N
12/4/2022 15:58,N,N,A,N,N,N
12/4/2022 15:58,N,N,A,N,N,N
12/4/2022 15:58,N,N,A,N,N,N
12/4/2022 15:58,N,N,A,N,N,N
12/4/2022 15:59,N,N,A,N,N,N
12/4/2022 15:59,N,N,N,N,N,N
12/4/2022 15:59,N,N,A,N,N,N
12/4/2022 15:59,N,N,A,N,N,N
12/4/2022 15:59,N,N,N,N,N,N
12/4/2022 16:00,N,N,A,N,N,N
12/4/2022 16:00,N,N,N,N,N,N
12/4/2022 16:00,N,N,N,N,N,N
12/4/2022 16:00,N,N,N,N,N,N
12/4/2022 16:00,N,N,N,N,N,N
12/4/2022 16:00,N,N,A,N,N,N
12/4/2022 16:01,N,N,N,N,N,N
12/4/2022 16:01,N,N,N,N,N,N
12/4/2022 16:01,N,N,N,N,N,N
12/4/2022 16:01,N,N,N,N,N,N
12/4/2022 16:01,N,N,A,N,N,N
12/4/2022 16:01,N,N,A,N,N,N
12/4/2022 16:02,N,N,A,N,N,N
12/4/2022 16:02,N,N,A,N,N,N
12/4/2022 16:02,N,N,A,N,N,N
12/4/2022 16:02,N,N,A,N,N,N
12/4/2022 16:02,N,N,N,N,N,N
12/4/2022 16:03,N,N,A,N,N,N
12/4/2022 16:03,N,N,N,N,N,N
12/4/2022 16:03,N,N,N,N,N,N
12/4/2022 16:03,N,N,N,N,N,N
12/4/2022 16:03,N,N,A,N,N,N
12/4/2022 16:03,N,N,A,N,N,N
12/4/2022 16:04,N,N,A,N,N,N
12/4/2022 16:04,N,N,A,N,N,N
12/4/2022 16:04,N,N,A,N,N,N
12/4/2022 16:04,N,N,N,N,N,N
12/4/2022 16:04,N,N,A,N,N,N
12/4/2022 16:04,N,N,A,N,N,N
12/4/2022 16:05,N,N,A,N,N,N
12/4/2022 16:05,N,N,A,N,N,N
12/4/2022 16:05,N,N,N,N,N,N
12/4/2022 16:05,N,N,N,N,N,N
12/4/2022 16:05,N,N,A,N,N,N
12/4/2022 16:06,N,N,A,N,N,N
12/4/2022 16:06,N,N,A,N,N,N
12/4/2022 16:06,N,N,A,N,N,N
12/4/2022 16:06,N,N,A,N,N,N
12/4/2022 16:06,N,N,A,N,N,N
12/4/2022 16:06,N,N,N,N,N,N
12/4/2022 16:07,N,N,A,N,N,N
12/4/2022 16:07,N,N,A,N,N,N
12/4/2022 16:07,N,N,N,N,N,N
12/4/2022 16:07,N,N,A,N,N,N
12/4/2022 16:07,N,N,A,N,N,N
12/4/2022 16:07,N,N,A,N,N,N
12/4/2022 16:08,N,N,A,N,N,N
12/4/2022 16:08,N,N,A,N,N,N
12/4/2022 16:08,N,N,N,N,N,N
12/4/2022 16:08,N,N,N,N,N,N
12/4/2022 16:08,N,N,A,N,N,N
12/4/2022 16:09,N,N,N,N,N,N
12/4/2022 16:09,N,N,A,N,N,N
12/4/2022 16:09,N,N,N,N,N,N
12/4/2022 16:09,N,N,N,N,N,N
12/4/2022 16:09,N,N,N,N,N,N
12/4/2022 16:09,N,N,N,N,N,N
12/4/2022 16:10,N,N,A,N,N,N
12/4/2022 16:10,N,N,A,N,N,N
12/4/2022 16:10,N,N,A,N,N,N
12/4/2022 16:10,N,N,A,N,N,N
12/4/2022 16:10,N,N,N,N,N,N
12/4/2022 16:10,N,N,A,N,N,N
12/4/2022 16:11,N,N,N,N,N,N
12/4/2022 16:11,N,N,A,N,N,N
12/4/2022 16:11,N,N,A,N,N,N
12/4/2022 16:11,N,N,A,N,N,N
12/4/2022 16:11,N,N,A,N,N,N
12/4/2022 16:12,N,N,N,N,N,N
12/4/2022 16:12,N,N,A,N,N,N
12/4/2022 16:12,N,N,A,N,N,N
12/4/2022 16:12,N,N,N,N,N,N
12/4/2022 16:12,N,N,A,N,N,N
12/4/2022 16:12,N,N,N,N,N,N
12/4/2022 16:13,N,N,A,N,N,N
12/4/2022 16:13,N,N,N,N,N,N
12/4/2022 16:13,N,N,N,N,N,N
12/4/2022 16:13,N,N,A,N,N,N
12/4/2022 16:13,N,N,A,N,N,N
12/4/2022 16:13,N,N,A,N,N,N
12/4/2022 16:14,N,N,A,N,N,N
12/4/2022 16:14,N,N,A,N,N,N
12/4/2022 16:14,N,N,A,N,N,N
12/4/2022 16:14,N,N,A,N,N,N
12/4/2022 16:14,N,N,A,N,N,N
12/4/2022 16:15,N,N,N,N,N,N
12/4/2022 16:15,N,N,A,N,N,N
12/4/2022 16:15,N,N,A,N,N,N
12/4/2022 16:15,N,N,A,N,N,N
12/4/2022 16:15,N,N,N,N,N,N
12/4/2022 16:15,N,N,N,N,N,N
12/4/2022 16:16,N,N,N,N,N,N
12/4/2022 16:16,N,N,N,N,N,N
12/4/2022 16:16,N,N,A,N,N,N
12/4/2022 16:16,N,N,A,N,N,N
12/4/2022 16:16,N,N,A,N,N,N
12/4/2022 16:16,N,N,A,N,N,N
12/4/2022 16:17,N,N,A,N,N,N
12/4/2022 16:17,N,N,A,N,N,N
12/4/2022 16:17,N,N,A,N,N,N
12/4/2022 16:17,N,N,N,N,N,N
12/4/2022 16:17,N,N,A,N,N,N
12/4/2022 16:18,N,N,N,N,N,N
12/4/2022 16:18,N,N,A,N,N,N
12/4/2022 16:18,N,N,A,N,N,N
12/4/2022 16:18,N,N,A,N,N,N
12/4/2022 16:18,N,N,N,N,N,N
12/4/2022 16:18,N,N,A,N,N,N
12/4/2022 16:19,N,N,A,N,N,N
12/4/2022 16:19,N,N,A,N,N,N
12/4/2022 16:19,N,N,N,N,N,N
12/4/2022 16:19,N,N,A,N,N,N
12/4/2022 16:19,N,N,A,N,N,N
12/4/2022 16:19,N,N,N,N,N,N
12/4/2022 16:20,N,N,A,N,N,N
12/4/2022 16:20,N,N,A,N,N,N
12/4/2022 16:20,N,N,N,N,N,N
12/4/2022 16:20,N,N,A,N,N,N
12/4/2022 16:20,N,N,A,N,N,N
12/4/2022 16:21,N,N,N,N,N,N
12/4/2022 16:21,N,N,A,N,N,N
12/4/2022 16:21,N,N,A,N,N,N
12/4/2022 16:21,N,N,N,N,N,N
12/4/2022 16:21,N,N,A,N,N,N
12/4/2022 16:21,N,N,N,N,N,N
12/4/2022 16:22,N,N,A,N,N,N
12/4/2022 16:22,N,N,A,N,N,N
12/4/2022 16:22,N,N,N,N,N,N
12/4/2022 16:22,N,N,A,N,N,N
12/4/2022 16:22,N,N,A,N,N,N
12/4/2022 16:22,N,N,N,N,N,N
12/4/2022 16:23,N,N,A,N,N,N
12/4/2022 16:23,N,N,A,N,N,N
12/4/2022 16:23,N,N,N,N,N,N
12/4/2022 16:23,N,N,N,N,N,N
12/4/2022 16:23,N,N,A,N,N,N
12/4/2022 16:24,N,N,A,N,N,N
12/4/2022 16:24,N,N,A,N,N,N
12/4/2022 16:24,N,N,A,N,N,N
12/4/2022 16:24,N,N,A,N,N,N
12/4/2022 16:24,N,N,N,N,N,N
12/4/2022 16:24,N,N,A,N,N,N
12/4/2022 16:25,N,N,N,N,N,N
12/4/2022 16:25,N,N,N,N,N,N
12/4/2022 16:25,N,N,N,N,N,N
12/4/2022 16:25,N,N,N,N,N,N
12/4/2022 16:25,N,N,N,N,N,N
12/4/2022 16:25,N,N,A,N,N,N
12/4/2022 16:26,N,N,A,N,N,N
12/4/2022 16:26,N,N,N,N,N,N
12/4/2022 16:26,N,N,N,N,N,N
12/4/2022 16:26,N,N,N,N,N,N
12/4/2022 16:26,N,N,N,N,N,N
12/4/2022 16:27,N,N,A,N,N,N
12/4/2022 16:27,N,N,N,N,N,N
12/4/2022 16:27,N,N,A,N,N,N
12/4/2022 16:27,N,N,A,N,N,N
12/4/2022 16:27,N,N,N,N,N,N
12/4/2022 16:27,N,N,A,N,N,N
12/4/2022 16:28,N,N,N,N,N,N
12/4/2022 16:28,N,N,N,N,N,N
12/4/2022 16:28,N,N,N,N,N,N
12/4/2022 16:28,N,N,N,N,N,N
12/4/2022 16:28,N,N,N,N,N,N
12/4/2022 16:28,N,N,N,N,N,N
12/4/2022 16:29,N,N,A,N,N,N
12/4/2022 16:29,N,N,N,N,N,N
12/4/2022 16:29,N,N,N,N,N,N
12/4/2022 16:29,N,N,A,N,N,N
12/4/2022 16:29,N,N,A,N,N,N
12/4/2022 16:30,N,N,A,N,N,N
12/4/2022 16:30,N,N,N,N,N,N
12/4/2022 16:30,N,N,N,N,N,N
12/4/2022 16:30,N,N,A,N,N,N
12/4/2022 16:30,N,N,N,N,N,N
12/4/2022 16:30,N,N,A,N,N,N
12/4/2022 16:31,N,N,A,N,N,N
12/4/2022 16:31,N,N,A,N,N,N
12/4/2022 16:31,N,N,N,N,N,N
12/4/2022 16:31,N,N,N,N,N,N
12/4/2022 16:31,N,N,N,N,N,N
12/4/2022 16:31,N,N,A,N,N,N
12/4/2022 16:32,N,N,A,N,N,N
12/4/2022 16:32,N,N,N,N,N,N
12/4/2022 16:32,N,N,N,N,N,N
12/4/2022 16:32,N,N,N,N,N,N
12/4/2022 16:32,N,N,N,N,N,N
12/4/2022 16:33,N,N,N,N,N,N
12/4/2022 16:33,N,N,N,N,N,N
12/4/2022 16:33,N,N,A,N,N,N
12/4/2022 16:33,N,N,A,N,N,N
12/4/2022 16:33,N,N,N,N,N,N
12/4/2022 16:33,N,N,N,N,N,N
12/4/2022 16:34,N,N,A,N,N,N
12/4/2022 16:34,N,N,A,N,N,N
12/4/2022 16:34,N,N,N,N,N,N
12/4/2022 16:34,N,N,A,N,N,N
12/4/2022 16:34,N,N,A,N,N,N
12/4/2022 16:34,N,N,A,N,N,N
12/4/2022 16:35,N,N,N,N,N,N
12/4/2022 16:35,N,N,A,N,N,N
12/4/2022 16:35,N,N,N,N,N,N
12/4/2022 16:35,N,N,N,N,N,N
12/4/2022 16:35,N,N,N,N,N,N
12/4/2022 16:36,N,N,N,N,N,N
12/4/2022 16:36,N,N,N,N,N,N
12/4/2022 16:36,N,N,A,N,N,N
12/4/2022 16:36,N,N,N,N,N,N
12/4/2022 16:36,N,N,N,N,N,N
12/4/2022 16:36,N,N,N,N,N,N
12/4/2022 16:37,N,N,N,N,N,N
12/4/2022 16:37,N,N,A,N,N,N
12/4/2022 16:37,N,N,A,N,N,N
12/4/2022 16:37,N,N,A,N,N,N
12/4/2022 16:37,N,N,A,N,N,N
12/4/2022 16:37,N,N,N,N,N,N
12/4/2022 16:38,N,N,N,N,N,N
12/4/2022 16:38,N,N,A,N,N,N
12/4/2022 16:38,N,N,A,N,N,N
12/4/2022 16:38,N,N,N,N,N,N
12/4/2022 16:38,N,N,A,N,N,N
12/4/2022 16:39,N,N,A,N,N,N
12/4/2022 16:39,N,N,A,N,N,N
12/4/2022 16:39,N,N,N,N,N,N
12/4/2022 16:39,N,N,A,N,N,N
12/4/2022 16:39,N,N,A,N,N,N
12/4/2022 16:39,N,N,A,N,N,N
12/4/2022 16:40,N,N,A,N,N,N
12/4/2022 16:40,N,N,A,N,N,N
12/4/2022 16:40,N,N,A,N,N,N
12/4/2022 16:40,N,N,A,N,N,N
12/4/2022 16:40,N,N,A,N,N,N
12/4/2022 16:40,N,N,A,N,N,N
12/4/2022 16:41,N,N,A,N,N,N
12/4/2022 16:41,N,N,N,N,N,N
12/4/2022 16:41,N,N,A,N,N,N
12/4/2022 16:41,N,N,A,N,N,N
12/4/2022 16:41,N,N,A,N,N,N
12/4/2022 16:42,N,N,A,N,N,N
12/4/2022 16:42,N,N,A,N,N,N
12/4/2022 16:42,N,N,A,N,N,N
12/4/2022 16:42,N,N,A,N,N,N
12/4/2022 16:42,N,N,N,N,N,N
12/4/2022 16:42,N,N,N,N,N,N
12/4/2022 16:43,N,N,A,N,N,N
12/4/2022 16:43,N,N,A,N,N,N
12/4/2022 16:43,N,N,A,N,N,N
12/4/2022 16:43,N,N,N,N,N,N
12/4/2022 16:43,N,N,A,N,N,N
12/4/2022 16:43,N,N,N,N,N,N
12/4/2022 16:44,N,N,A,N,N,N
12/4/2022 16:44,N,N,N,N,N,N
12/4/2022 16:44,N,N,A,N,N,N
12/4/2022 16:44,N,N,N,N,N,N
12/4/2022 16:44,N,N,N,N,N,N
12/4/2022 16:45,N,N,N,N,N,N
12/4/2022 16:45,N,N,A,N,N,N
12/4/2022 16:45,N,N,A,N,N,N
12/4/2022 16:45,N,N,N,N,N,N
12/4/2022 16:45,N,N,A,N,N,N
12/4/2022 16:45,N,N,A,N,N,N
12/4/2022 16:46,N,N,A,N,N,N
12/4/2022 16:46,N,N,A,N,N,N
12/4/2022 16:46,N,N,A,N,N,N
12/4/2022 16:46,N,N,A,N,N,N
12/4/2022 16:46,N,N,N,N,N,N
12/4/2022 16:46,N,N,A,N,N,N
12/4/2022 16:47,N,N,A,N,N,N
12/4/2022 16:47,N,N,A,N,N,N
12/4/2022 16:47,N,N,A,N,N,N
12/4/2022 16:47,N,N,N,N,N,N
12/4/2022 16:47,N,N,A,N,N,N
12/4/2022 16:48,N,N,A,N,N,N
12/4/2022 16:48,N,N,N,N,N,N
12/4/2022 16:48,N,N,A,N,N,N
12/4/2022 16:48,N,N,A,N,N,N
12/4/2022 16:48,N,N,A,N,N,N
12/4/2022 16:48,N,N,A,N,N,N
12/4/2022 16:49,N,N,A,N,N,N
12/4/2022 16:49,N,N,N,N,N,N
12/4/2022 16:49,N,N,A,N,N,N
12/4/2022 16:49,N,N,N,N,N,N
12/4/2022 16:49,N,N,A,N,N,N
12/4/2022 16:49,N,N,A,N,N,N
12/4/2022 16:50,N,N,A,N,N,N
12/4/2022 16:50,N,N,N,N,N,N
12/4/2022 16:50,N,N,N,N,N,N
12/4/2022 16:50,N,N,A,N,N,N
12/4/2022 16:50,N,N,N,N,N,N
12/4/2022 16:51,N,N,N,N,N,N
12/4/2022 16:51,N,N,N,N,N,N
12/4/2022 16:51,N,N,A,N,N,N
12/4/2022 16:51,N,N,N,N,N,N
12/4/2022 16:51,N,N,A,N,N,N
12/4/2022 16:51,N,N,N,N,N,N
12/4/2022 16:52,N,N,A,N,N,N
12/4/2022 16:52,N,N,A,N,N,N
12/4/2022 16:52,N,N,A,N,N,N
12/4/2022 16:52,N,N,A,N,N,N
12/4/2022 16:52,N,N,A,N,N,N
12/4/2022 16:52,N,N,N,N,N,N
12/4/2022 16:53,N,N,N,N,N,N
12/4/2022 16:53,N,N,N,N,N,N
12/4/2022 16:53,N,N,A,N,N,N
12/4/2022 16:53,N,N,N,N,N,N
12/4/2022 16:53,N,N,A,N,N,N
12/4/2022 16:54,N,N,A,N,N,N
12/4/2022 16:54,N,N,N,N,N,N
12/4/2022 16:54,N,N,N,N,N,N
12/4/2022 16:54,N,N,A,N,N,N
12/4/2022 16:54,N,N,N,N,N,N
12/4/2022 16:54,N,N,A,N,N,N
12/4/2022 16:55,N,N,A,N,N,N
12/4/2022 16:55,N,N,N,N,N,N
12/4/2022 16:55,N,N,A,N,N,N
12/4/2022 16:55,N,N,A,N,N,N
12/4/2022 16:55,N,N,N,N,N,N
12/4/2022 16:55,N,N,N,N,N,N
12/4/2022 16:56,N,N,A,N,N,N
12/4/2022 16:56,N,N,A,N,N,N
12/4/2022 16:56,N,N,N,N,N,N
12/4/2022 16:56,N,N,N,N,N,N
12/4/2022 16:56,N,N,A,N,N,N
12/4/2022 16:57,N,N,A,N,N,N
12/4/2022 16:57,N,N,A,N,N,N
12/4/2022 16:57,N,N,N,N,N,N
12/4/2022 16:57,N,N,A,N,N,N
12/4/2022 16:57,N,N,N,N,N,N
12/4/2022 16:57,N,N,A,N,N,N
12/4/2022 16:58,N,N,A,N,N,N
12/4/2022 16:58,N,N,A,N,N,N
12/4/2022 16:58,N,N,N,N,N,N
12/4/2022 16:58,N,N,N,N,N,N
12/4/2022 16:58,N,N,A,N,N,N
12/4/2022 16:58,N,N,A,N,N,N
12/4/2022 16:59,N,N,N,N,N,N
12/4/2022 16:59,N,N,N,N,N,N
12/4/2022 16:59,N,N,A,N,N,N
12/4/2022 16:59,N,N,A,N,N,N
12/4/2022 16:59,N,N,N,N,N,N
12/4/2022 17:00,N,N,A,N,N,N
12/4/2022 17:00,N,N,N,N,N,N
12/4/2022 17:00,N,N,A,N,N,N
12/4/2022 17:00,N,N,A,N,N,N
12/4/2022 17:00,N,N,A,N,N,N
12/4/2022 17:00,N,N,A,N,N,N
12/4/2022 17:01,N,N,N,N,N,N
12/4/2022 17:01,N,N,N,N,N,N
12/4/2022 17:01,N,N,N,N,N,N
12/4/2022 17:01,N,N,A,N,N,N
12/4/2022 17:01,N,N,A,N,N,N
12/4/2022 17:01,N,N,A,N,N,N
12/4/2022 17:02,N,N,N,N,N,N
12/4/2022 17:02,N,N,N,N,N,N
12/4/2022 17:02,N,N,N,N,N,N
12/4/2022 17:02,N,N,N,N,N,N
12/4/2022 17:02,N,N,A,N,N,N
12/4/2022 17:03,N,N,A,N,N,N
12/4/2022 17:03,N,N,A,N,N,N
12/4/2022 17:03,N,N,A,N,N,N
12/4/2022 17:03,N,N,N,N,N,N
12/4/2022 17:03,N,N,A,N,N,N
12/4/2022 17:03,N,N,A,N,N,N
12/4/2022 17:04,N,N,N,N,N,N
12/4/2022 17:04,N,N,A,N,N,N
12/4/2022 17:04,N,N,N,N,N,N
12/4/2022 17:04,N,N,N,N,N,N
12/4/2022 17:04,N,N,A,N,N,N
12/4/2022 17:04,N,N,A,N,N,N
12/4/2022 17:05,N,N,N,N,N,N
12/4/2022 17:05,N,N,A,N,N,N
12/4/2022 17:05,N,N,A,N,N,N
12/4/2022 17:05,N,N,A,N,N,N
12/4/2022 17:05,N,N,A,N,N,N
12/4/2022 17:06,N,N,A,N,N,N
12/4/2022 17:06,N,N,A,N,N,N
12/4/2022 17:06,N,N,N,N,N,N
12/4/2022 17:06,N,N,N,N,N,N
12/4/2022 17:06,N,N,A,N,N,N
12/4/2022 17:06,N,N,A,N,N,N
12/4/2022 17:07,N,N,A,N,N,N
12/4/2022 17:07,N,N,A,N,N,N
12/4/2022 17:07,N,N,A,N,N,N
12/4/2022 17:07,N,N,N,N,N,N
12/4/2022 17:07,N,N,A,N,N,N
12/4/2022 17:07,N,N,N,N,N,N
12/4/2022 17:08,N,N,A,N,N,N
12/4/2022 17:08,N,N,N,N,N,N
12/4/2022 17:08,N,N,A,N,N,N
12/4/2022 17:08,N,N,N,N,N,N
12/4/2022 17:08,N,N,A,N,N,N
12/4/2022 17:09,N,N,N,N,N,N
12/4/2022 17:09,N,N,A,N,N,N
12/4/2022 17:09,N,N,N,N,N,N
12/4/2022 17:09,N,N,A,N,N,N
12/4/2022 17:09,N,N,N,N,N,N
12/4/2022 17:09,N,N,A,N,N,N
12/4/2022 17:10,N,N,A,N,N,N
12/4/2022 17:10,N,N,N,N,N,N
12/4/2022 17:10,N,N,N,N,N,N
12/4/2022 17:10,N,N,A,N,N,N
12/4/2022 17:10,N,N,N,N,N,N
12/4/2022 17:10,N,N,N,N,N,N
12/4/2022 17:11,N,N,N,N,N,N
12/4/2022 17:11,N,N,N,N,N,N
12/4/2022 17:11,N,N,A,N,N,N
12/4/2022 17:11,N,N,A,N,N,N
12/4/2022 17:11,N,N,A,N,N,N
12/4/2022 17:12,N,N,N,N,N,N
12/4/2022 17:12,N,N,N,N,N,N
12/4/2022 17:12,N,N,A,N,N,N
12/4/2022 17:12,N,N,N,N,N,N
12/4/2022 17:12,N,N,N,N,N,N
12/4/2022 17:12,N,N,N,N,N,N
12/4/2022 17:13,N,N,A,N,N,N
12/4/2022 17:13,N,N,A,N,N,N
12/4/2022 17:13,N,N,N,N,N,N
12/4/2022 17:13,N,N,N,N,N,N
12/4/2022 17:13,N,N,A,N,N,N
12/4/2022 17:13,N,N,A,N,N,N
12/4/2022 17:14,N,N,A,N,N,N
12/4/2022 17:14,N,N,N,N,N,N
12/4/2022 17:14,N,N,N,N,N,N
12/4/2022 17:14,N,N,A,N,N,N
12/4/2022 17:14,N,N,A,N,N,N
12/4/2022 17:14,N,N,A,N,N,N
12/4/2022 17:15,N,N,N,N,N,N
12/4/2022 17:15,N,N,A,N,N,N
12/4/2022 17:15,N,N,N,N,N,N
12/4/2022 17:15,N,N,A,N,N,N
12/4/2022 17:15,N,N,N,N,N,N
12/4/2022 17:16,N,N,A,N,N,N
12/4/2022 17:16,N,N,N,N,N,N
12/4/2022 17:16,N,N,N,N,N,N
12/4/2022 17:16,N,N,A,N,N,N
12/4/2022 17:16,N,N,N,N,N,N
12/4/2022 17:16,N,N,A,N,N,N
12/4/2022 17:17,N,N,A,N,N,N
12/4/2022 17:17,N,N,N,N,N,N
12/4/2022 17:17,N,N,N,N,N,N
12/4/2022 17:17,N,N,A,N,N,N
12/4/2022 17:17,N,N,A,N,N,N
12/4/2022 17:17,N,N,A,N,N,N
12/4/2022 17:18,N,N,N,N,N,N
12/4/2022 17:18,N,N,N,N,N,N
12/4/2022 17:18,N,N,N,N,N,N
12/4/2022 17:18,N,N,A,N,N,N
12/4/2022 17:18,N,N,A,N,N,N
12/4/2022 17:19,N,N,A,N,N,N
12/4/2022 17:19,N,N,N,N,N,N
12/4/2022 17:19,N,N,A,N,N,N
12/4/2022 17:19,N,N,N,N,N,N
12/4/2022 17:19,N,N,N,N,N,N
12/4/2022 17:19,N,N,N,N,N,N
12/4/2022 17:20,N,N,N,N,N,N
12/4/2022 17:20,N,N,N,N,N,N
12/4/2022 17:20,N,N,A,N,N,N
12/4/2022 17:20,N,N,A,N,N,N
12/4/2022 17:20,N,N,N,N,N,N
12/4/2022 17:20,N,N,A,N,N,N
12/4/2022 17:21,N,N,A,N,N,N
12/4/2022 17:21,N,N,N,N,N,N
12/4/2022 17:21,N,N,A,N,N,N
12/4/2022 17:21,N,N,N,N,N,N
12/4/2022 17:21,N,N,A,N,N,N
12/4/2022 17:22,N,N,N,N,N,N
12/4/2022 17:22,N,N,N,N,N,N
12/4/2022 17:22,N,N,A,N,N,N
12/4/2022 17:22,N,N,A,N,N,N
12/4/2022 17:22,N,N,A,N,N,N
12/4/2022 17:22,N,N,A,N,N,N
12/4/2022 17:23,N,N,N,N,N,N
12/4/2022 17:23,N,N,N,N,N,N
12/4/2022 17:23,N,N,A,N,N,N
12/4/2022 17:23,N,N,A,N,N,N
12/4/2022 17:23,N,N,N,N,N,N
12/4/2022 17:23,N,N,A,N,N,N
12/4/2022 17:24,N,N,A,N,N,N
12/4/2022 17:24,N,N,N,N,N,N
12/4/2022 17:24,N,N,A,N,N,N
12/4/2022 17:24,N,N,N,N,N,N
12/4/2022 17:24,N,N,N,N,N,N
12/4/2022 17:25,N,N,N,N,N,N
12/4/2022 17:25,N,N,N,N,N,N
12/4/2022 17:25,N,N,A,N,N,N
12/4/2022 17:25,N,N,A,N,N,N
12/4/2022 17:25,N,N,N,N,N,N
12/4/2022 17:25,N,N,A,N,N,N
12/4/2022 17:26,N,N,A,N,N,N
12/4/2022 17:26,N,N,A,N,N,N
12/4/2022 17:26,N,N,A,N,N,N
12/4/2022 17:26,N,N,A,N,N,N
12/4/2022 17:26,N,N,N,N,N,N
12/4/2022 17:26,N,N,N,N,N,N
12/4/2022 17:27,N,N,A,N,N,N
12/4/2022 17:27,N,N,A,N,N,N
12/4/2022 17:27,N,N,N,N,N,N
12/4/2022 17:27,N,N,N,N,N,N
12/4/2022 17:27,N,N,N,N,N,N
12/4/2022 17:28,N,N,N,N,N,N
12/4/2022 17:28,N,N,A,N,N,N
12/4/2022 17:28,N,N,A,N,N,N
12/4/2022 17:28,N,N,A,N,N,N
12/4/2022 17:28,N,N,A,N,N,N
12/4/2022 17:28,N,N,A,N,N,N
12/4/2022 17:29,N,N,A,N,N,N
12/4/2022 17:29,N,N,A,N,N,N
12/4/2022 17:29,N,N,A,N,N,N
12/4/2022 17:29,N,N,A,N,N,N
12/4/2022 17:29,N,N,A,N,N,N
12/4/2022 17:29,N,N,N,N,N,N
12/4/2022 17:30,N,N,A,N,N,N
12/4/2022 17:30,N,N,N,N,N,N
12/4/2022 17:30,N,N,A,N,N,N
12/4/2022 17:30,N,N,A,N,N,N
12/4/2022 17:30,N,N,N,N,N,N
12/4/2022 17:31,N,N,N,N,N,N
12/4/2022 17:31,N,N,N,N,N,N
12/4/2022 17:31,N,N,N,N,N,N
12/4/2022 17:31,N,N,N,N,N,N
12/4/2022 17:31,N,N,A,N,N,N
12/4/2022 17:31,N,N,N,N,N,N
12/4/2022 17:32,N,N,N,N,N,N
12/4/2022 17:32,N,N,N,N,N,N
12/4/2022 17:32,N,N,A,N,N,N
12/4/2022 17:32,N,N,A,N,N,N
12/4/2022 17:32,N,N,A,N,N,N
12/4/2022 17:32,N,N,N,N,N,N
12/4/2022 17:33,N,N,A,N,N,N
12/4/2022 17:33,N,N,N,N,N,N
12/4/2022 17:33,N,N,A,N,N,N
12/4/2022 17:33,N,N,A,N,N,N
12/4/2022 17:33,N,N,A,N,N,N
12/4/2022 17:34,N,N,N,N,N,N
12/4/2022 17:34,N,N,A,N,N,N
12/4/2022 17:34,N,N,A,N,N,N
12/4/2022 17:34,N,N,N,N,N,N
12/4/2022 17:34,N,N,N,N,N,N
12/4/2022 17:34,N,N,N,N,N,N
12/4/2022 17:35,N,N,A,N,N,N
12/4/2022 17:35,N,N,N,N,N,N
12/4/2022 17:35,N,N,A,N,N,N
12/4/2022 17:35,N,N,A,N,N,N
12/4/2022 17:35,A,N,A,N,N,N
12/4/2022 17:35,N,N,N,N,N,N
12/4/2022 17:36,A,N,N,N,N,N
12/4/2022 17:36,N,N,A,N,N,N
12/4/2022 17:36,N,N,N,N,N,N
12/4/2022 17:36,N,N,N,N,N,N
12/4/2022 17:36,N,N,A,N,N,N
12/4/2022 17:37,A,N,A,N,N,N
12/4/2022 17:37,N,N,A,N,N,N
12/4/2022 17:37,A,N,A,N,N,N
12/4/2022 17:37,A,N,A,N,N,N
12/4/2022 17:37,N,N,N,N,N,N
12/4/2022 17:37,N,N,N,N,N,N
12/4/2022 17:38,N,N,A,N,N,N
12/4/2022 17:38,N,N,A,N,N,N
12/4/2022 17:38,N,N,N,N,N,N
12/4/2022 17:38,N,N,A,N,N,N
12/4/2022 17:38,A,N,A,N,N,N
12/4/2022 17:38,N,N,N,N,N,N
12/4/2022 17:39,N,N,N,N,N,N
12/4/2022 17:39,N,N,N,N,N,N
12/4/2022 17:39,A,N,A,N,N,N
12/4/2022 17:39,A,N,A,N,N,N
12/4/2022 17:39,N,N,N,N,N,N
12/4/2022 17:40,N,N,A,N,N,N
12/4/2022 17:40,N,N,A,N,N,N
12/4/2022 17:40,A,N,A,N,N,N
12/4/2022 17:40,N,N,A,N,N,N
12/4/2022 17:40,N,N,N,N,N,N
12/4/2022 17:40,A,N,N,N,N,N
12/4/2022 17:41,A,N,N,N,N,N
12/4/2022 17:41,A,N,N,N,N,N
12/4/2022 17:41,N,N,A,N,N,N
12/4/2022 17:41,N,N,A,N,N,N
12/4/2022 17:41,N,N,A,N,N,N
12/4/2022 17:41,A,N,N,N,N,N
12/4/2022 17:42,A,N,N,N,N,N
12/4/2022 17:42,A,N,A,N,N,N
12/4/2022 17:42,A,N,N,N,N,N
12/4/2022 17:42,A,N,A,N,N,N
12/4/2022 17:42,A,N,N,N,N,N
12/4/2022 17:43,A,N,A,N,N,N
12/4/2022 17:43,N,N,A,N,N,N
12/4/2022 17:43,N,N,A,N,N,N
12/4/2022 17:43,A,N,N,N,N,N
12/4/2022 17:43,A,N,A,N,N,N
12/4/2022 17:43,A,N,A,N,N,N
12/4/2022 17:44,A,N,N,N,N,N
12/4/2022 17:44,N,N,A,N,N,N
12/4/2022 17:44,A,N,A,N,N,N
12/4/2022 17:44,A,N,A,N,N,N
12/4/2022 17:44,N,N,A,N,N,N
12/4/2022 17:44,N,N,N,N,N,N
12/4/2022 17:45,A,N,A,N,N,N
12/4/2022 17:45,A,N,A,N,N,N
12/4/2022 17:45,N,N,N,N,N,N
12/4/2022 17:45,A,N,N,N,N,N
12/4/2022 17:45,A,N,N,N,N,N
12/4/2022 17:46,N,N,N,N,N,N
12/4/2022 17:46,A,N,A,N,N,N
12/4/2022 17:46,N,N,A,N,N,N
12/4/2022 17:46,N,N,A,N,N,N
12/4/2022 17:46,A,N,N,N,N,N
12/4/2022 17:46,A,N,A,N,N,N
12/4/2022 17:47,A,N,N,N,N,N
12/4/2022 17:47,N,N,A,N,N,N
12/4/2022 17:47,N,N,N,N,N,N
12/4/2022 17:47,A,N,A,N,N,N
12/4/2022 17:47,A,N,N,N,N,N
12/4/2022 17:47,A,N,N,N,N,N
12/4/2022 17:48,N,N,A,N,N,N
12/4/2022 17:48,N,N,A,N,N,N
12/4/2022 17:48,N,N,A,N,N,N
12/4/2022 17:48,N,N,A,N,N,N
12/4/2022 17:48,N,N,N,N,N,N
12/4/2022 17:49,N,N,A,N,N,N
12/4/2022 17:49,N,N,N,N,N,N
12/4/2022 17:49,N,N,A,N,N,N
12/4/2022 17:49,N,N,A,N,N,N
12/4/2022 17:49,N,N,A,N,N,N
12/4/2022 17:49,N,N,A,N,N,N
12/4/2022 17:50,N,N,N,N,N,N
12/4/2022 17:50,N,N,A,N,N,N
12/4/2022 17:50,N,N,A,N,N,N
12/4/2022 17:50,N,N,N,N,N,N
12/4/2022 17:50,N,N,A,N,N,N
12/4/2022 17:51,N,N,N,N,N,N
12/4/2022 17:51,N,N,A,N,N,N
12/4/2022 17:51,N,N,A,N,N,N
12/4/2022 17:51,N,N,A,N,N,N
12/4/2022 17:51,N,N,A,N,N,N
12/4/2022 17:51,N,N,N,N,N,N
12/4/2022 17:52,N,N,A,N,N,N
12/4/2022 17:52,N,N,N,N,N,N
12/4/2022 17:52,N,N,A,N,N,N
12/4/2022 17:52,N,N,A,N,N,N
12/4/2022 17:52,N,N,A,N,N,N
12/4/2022 17:52,N,N,A,N,N,N
12/4/2022 17:53,N,N,A,N,N,N
12/4/2022 17:53,N,N,N,N,N,N
12/4/2022 17:53,N,N,A,N,N,N
12/4/2022 17:53,N,N,A,N,N,N
12/4/2022 17:53,N,N,A,N,N,N
12/4/2022 17:54,N,N,A,N,N,N
12/4/2022 17:54,N,N,A,N,N,N
12/4/2022 17:54,N,N,A,N,N,N
12/4/2022 17:54,N,N,A,N,N,N
12/4/2022 17:54,N,N,N,N,N,N
12/4/2022 17:54,N,N,N,N,N,N
12/4/2022 17:55,N,N,N,N,N,N
12/4/2022 17:55,N,N,A,N,N,N
12/4/2022 17:55,N,N,A,N,N,N
12/4/2022 17:55,N,N,A,N,N,N
12/4/2022 17:55,N,N,A,N,N,N
12/4/2022 17:55,N,N,A,N,N,N
12/4/2022 17:56,N,N,A,N,N,N
12/4/2022 17:56,N,N,N,N,N,N
12/4/2022 17:56,A,N,N,N,N,N
12/4/2022 17:56,A,N,A,N,N,N
12/4/2022 17:56,N,N,A,N,N,N
12/4/2022 17:57,N,N,N,N,N,N
12/4/2022 17:57,N,N,N,N,N,N
12/4/2022 17:57,N,N,A,N,N,N
12/4/2022 17:57,N,N,N,N,N,N
12/4/2022 17:57,N,N,N,N,N,N
12/4/2022 17:57,N,N,A,N,N,N
12/4/2022 17:58,N,N,A,N,N,N
12/4/2022 17:58,N,N,N,N,N,N
12/4/2022 17:58,N,N,A,N,N,N
12/4/2022 17:58,N,N,N,N,N,N
12/4/2022 17:58,N,N,A,N,N,N
12/4/2022 17:58,N,N,N,N,N,N
12/4/2022 17:59,N,N,A,N,N,N
12/4/2022 17:59,N,N,A,N,N,N
12/4/2022 17:59,A,N,A,N,N,N
12/4/2022 17:59,N,N,N,N,N,N
12/4/2022 17:59,N,N,A,N,N,N
12/4/2022 18:00,N,N,A,N,N,N
12/4/2022 18:00,N,N,A,N,N,N
12/4/2022 18:00,N,N,N,N,N,N
12/4/2022 18:00,N,N,N,N,N,N
